,Compound,acetonitrile,benzene,butanol,butylacetate,carbontet,chlorofom,chloroform,cyclohexane,dibuthylether,dichloroethane_ions,diethylether,dimethylformamide_ions,dimethylofrmamide,dimethylsulfoxide,ethanol,hexadecane,hexane,isopropanol,methanol,nitrobenzene,nitromethane,octanol,propanol,propanone,tetrahydrofuran,toluene,water,xylene,12dichloroethane,19decadiene
0,1_bromo_2_chloroethane,-77.199,-4.55,-3.39,,-4.5,,-4.64,-4.19,,-8.55,,-81.023,,-3.95,-74.809,-5.62,-3.96,-4.07,-6.35,-6.47,-76.004,-11.35,-73.98,,-4.25,-2.65,-1.95,-3.2,,
1,1_bromo_2_methylpropane,-62.62,-2.66,-96.57,,-2.53,,-3.17,-5.67,,-6.57,,-61.185,,-10.89,-67.83,-2.88,-5.82,-4.0,-3.47,-63.576,-63.647,-3.07,-66.61,,-4.54,-6.38,-0.03,-6.26,,
2,1_bromobutane,-54.015,-8.02,-7.17,,-7.24,,-9.74,-5.75,,-6.79,,-53.298,,-14.36,-54.995,-5.16,-5.64,-4.84,-76.243,-74.092,-53.561,-5.62,-53.51,,-5.09,-6.75,-0.4,-6.74,,
3,1_bromoheptane,-97.753,-6.47,-4.12,,-6.39,,-7.24,-2.42,,-95.33,,-103.728,,-10.56,-97.992,-5.51,-5.75,-4.5,-69.551,-78.633,-93.786,-5.46,-97.28,,-4.56,-4.33,0.34,-4.72,,
4,1_bromohexane,-79.828,-3.7,-7.66,,-2.96,,-7.53,-4.97,,-4.34,,-86.52,,-104.54,-80.21,-4.99,-4.99,-4.49,-56.405,-65.727,-80.449,-5.0,-79.86,,-5.39,-4.57,0.18,-3.26,,
5,1_bromooctane,-59.034,-6.64,-73.19,,-5.67,,-5.84,-5.23,,-5.12,,-57.839,,-2.1,-62.094,-2.77,-5.46,-4.38,-99.426,-62.141,-59.512,-5.02,-61.17,,-5.17,-3.59,0.52,-4.23,,
6,1_bromopentane,-120.459,-6.17,-6.03,,-5.35,,-6.99,-2.73,,-119.96,,-128.824,,-130.2,-3.3,-5.88,-3.62,,-81.74,-93.212,-114.962,-8.84,-123.7,,-5.5,-4.27,-0.1,-5.4,,
7,1_bromopropane,-4.73,-4.75,-4.5,,-4.09,,-4.32,-3.03,,-5.93,,-4.56,,-4.39,-4.32,-4.92,-4.38,,-63.815,-7.29,-4.72,-2.84,-4.15,,,-5.57,-0.56,-5.3,,
8,1_chloro_222_trifluoroethane,-5.62,-3.79,-4.73,,-5.85,,-6.07,-5.29,,-5.83,,-5.66,,-1.73,-4.34,-5.81,-5.66,,-125.478,-7.94,-5.38,-6.38,-4.04,,,-5.24,0.06,-3.57,,
9,1_chlorobutane,-4.43,-4.46,-3.93,,-5.21,,-4.42,-5.1,,-72.63,,-5.23,,-81.118,-5.04,-4.91,-2.6,,-4.61,-2.93,-4.16,-7.75,-5.01,,,-3.71,-0.16,-7.18,,
10,1_chloroheptane,-71.702,-4.02,-60.75,,-4.09,,-5.43,-3.48,,-3.85,,-75.765,,-5.75,-69.551,-3.38,-3.48,,-0.59,-8.13,-71.797,-3.81,-5.29,,,-6.12,0.29,-5.85,,
11,1_chlorohexane,-3.57,-5.78,-79.37,,-5.59,,-4.42,-4.94,,-7.75,,-3.77,,-5.66,-4.23,-2.89,-4.86,,-5.08,-69.551,-3.15,-2.9,-68.93,,,-3.75,0.0,-3.93,,
12,1_chloropentane,-5.33,-5.3,-4.46,,-4.81,,-6.71,-5.63,,-6.02,,-5.03,,-59.894,-4.68,-4.45,-3.19,,-4.98,-4.78,-5.46,-5.02,-4.39,,,-2.68,-0.07,-3.36,,
13,1_chloropropane,-4.85,-3.87,-52.83,,-5.39,-3.68,-5.99,-5.89,,-4.92,,-4.88,,-12.66,-123.805,-2.29,-2.81,,-70.985,-8.16,-4.52,-3.11,-4.61,,,-4.31,-0.33,-4.17,-3.69,
14,1_ethylnaphthalene,-4.68,-7.35,-8.75,,-6.32,,-5.25,-5.31,,-7.23,,,,-2.26,-4.57,-4.1,-5.86,,-4.3,-5.84,,-6.4,-4.47,,,-5.6,-2.4,-5.49,,
15,1_iodobutane,,-6.13,-6.81,,-5.04,,-4.41,-4.42,,-3.19,,,,-4.21,,-2.29,-5.14,,-10.48,-7.86,,-4.44,,,,-5.25,-0.25,-3.01,,
16,1_iodoheptane,,-3.01,-3.49,,-2.75,,-7.59,-5.14,,-2.53,,,,-55.592,,-3.73,-3.77,,-4.34,-5.38,,-4.09,,,,-2.67,0.27,-1.73,,
17,1_iodohexane,,-6.85,-5.02,,-6.49,,-6.67,-3.52,,-7.73,,,,-87.237,,-3.51,-4.68,,,-4.9,,-62.61,,,,-2.18,0.08,-4.2,,
18,1_iodopentane,,-4.45,-4.45,,-4.2,,-5.23,-4.77,,-7.48,,,,-7.63,,-5.51,-6.96,,,-117.352,,-3.69,,,,-7.43,-0.14,-6.83,,
19,1_iodopropane,,-5.76,-5.04,,-2.77,,-3.69,-4.06,,-77.89,,,,-5.31,,-1.43,-2.09,,,-7.26,,-3.99,,,,-4.31,-0.53,-7.25,,
20,1_methyl_imidazole,,-5.86,-4.5,,-5.47,,-7.35,-5.05,,-5.97,,,,-2.87,,-2.79,-1.49,,,-7.15,,-6.09,,,,-6.93,-8.41,-5.61,,
21,1_methyl_pyrrole,,-2.73,-8.02,,-4.49,,-5.28,-4.3,,-7.33,,,,-4.9,,-2.52,-2.9,,,,,-1.26,,,,-7.96,-2.89,-6.32,,
22,1_methylcyclohexene,,-2.58,-65.73,,-6.92,,-7.61,-6.33,,-4.87,,,,-4.06,,-4.08,-5.49,,,,,-4.21,,,,-5.65,0.67,-4.2,,
23,1_methylnaphthalene,,-7.44,-5.15,,-6.58,,-6.37,-7.6,,-5.4,,,,-7.67,,-4.08,-6.25,,,,,-3.75,,,,-7.56,-2.44,-4.87,,
24,1_naphthol,,-4.5,-8.69,,-7.51,,-4.13,-7.17,,-57.08,,,,-4.64,,-4.03,-4.94,,,,,-3.87,,,,-4.62,-7.67,-6.67,,
25,1_naphthylamine,,-7.12,-68.67,-10.94,-7.55,-10.82,-6.98,-8.99,,-52.13,,,,-3.83,,-1.78,-5.53,,,,,-10.34,,,,-5.0,-7.28,-3.7,-11.04,
26,1_nitrobutane,,-6.27,,,-2.63,,-8.59,-1.29,,-6.91,,,,-63.026,,-1.99,-3.65,,,,,-2.82,,,,-6.97,-3.09,-4.08,,
27,1_nitropentane,,-5.83,,,-2.25,,-10.9,-6.02,,-9.1,,,,-76.243,,-1.49,-3.17,,,,,-3.15,,,,-8.7,-2.82,-4.72,,
28,1_nitropropane,,-6.66,,,-6.51,,-6.32,-6.0,,-4.89,,,,-1.48,,-4.54,-4.99,,,,,-4.55,,,,-4.0,-3.34,-5.12,,
29,11_diacetoxyethane,,-4.58,,,-3.52,,-7.89,-5.57,,-4.93,,,,,,-5.35,-6.09,,,,,-5.47,,,,-5.17,-4.97,-3.42,,
30,11_dichloroethane,,-4.05,,,-6.14,,-4.02,-1.53,,-5.53,,,,,,-3.25,-5.22,,,,,-4.06,,,,-5.13,-0.84,-5.29,,
31,11_dichloroethene,,-5.21,,,-7.19,,-3.32,-7.01,,-2.83,,,,,-3.24,-1.29,-4.15,,,,,-1.14,,,,-3.33,0.25,-4.86,,
32,11_diethoxyethane,,-7.6,,,-5.71,,-7.55,-5.04,,-9.59,,,,,,-0.39,-4.64,,,,,-3.63,,,,-5.38,-3.28,-3.69,,
33,11_difluoroethane,,-8.06,,,-6.11,,-7.16,-4.9,,-4.04,,,,,,-2.81,-2.83,,,,,-0.27,,,,-4.91,-0.11,-5.06,,
34,111_trichloroethane,,-6.94,,,-4.43,,-5.84,-1.87,,-6.47,,,,,,-4.27,-3.62,,,,,-7.44,,,,-3.51,-0.19,-5.71,,
35,111_trifluoro_222_trimethoxyethane,,-4.04,,,-6.28,,-7.5,-3.71,,-5.45,,,,,,-2.45,-3.81,,,,,-3.54,,,,-5.12,-0.8,-4.26,,
36,111_trifluoropropan_2_ol,,-7.64,,,-2.48,,-5.83,-4.43,,-59.82,,,,,,-3.76,-2.73,,,,,-7.8,,,,-5.89,-4.16,-5.15,,
37,111_trimethoxyethane,,-6.39,,,-5.71,,-3.03,-5.54,,-10.7,,,,,,-5.13,-2.98,,,,,-4.35,,,,-4.41,-4.42,-4.91,,
38,1112_tetrachloroethane,,-4.02,,,-3.64,,-7.81,-6.62,,-4.0,,,,,,0.45,-5.69,,,,,-5.65,,,,-5.0,-1.28,-2.63,,
39,112_trichloro_122_trifluoroethane,,-5.1,,,-6.99,,-6.68,-5.52,,-7.83,,,,,,-3.8,-4.08,,,,,0.51,,,,-2.71,1.77,-8.69,,
40,112_trichloroethane,,-5.28,,,-3.82,,-4.44,-2.09,,-4.55,,,,,,-5.43,-5.14,,,,,-3.72,,,,-3.81,-1.99,-4.87,,
41,1122_tetrachloroethane,,-3.42,,,-6.07,,-5.48,-5.2,,-67.37,,,,,,-6.19,-6.78,,,,,-7.81,,,,-5.02,-2.47,-6.15,,
42,12_diacetoxyethane,,-5.35,,,-3.64,,-4.45,-3.06,,-10.9,,,,,,-4.89,-3.13,,,,,-6.94,,,,-6.3,-6.34,-6.1,,
43,12_dibromoethane,,-5.21,,,-3.64,,-7.22,-5.54,,-7.39,,,,,,-3.47,-4.84,,,,,-6.6,,,,-6.69,-2.33,,,
44,12_dichlorobenzene,,-8.58,,,-4.73,,-6.4,-4.29,,,,,,,,-4.61,-4.38,,,,,-5.33,,,,,-1.36,,,
45,12_dichloroethane,,-3.68,,,-5.01,-4.69,-5.86,-3.59,-4.16,,-4.45,,,,,-2.69,-9.18,,,,,-3.81,,,,,-1.79,,-4.79,
46,12_dichloropropane,,-5.32,,,-3.4,,-7.51,-5.51,,,,,,,,-4.49,-4.0,,,,,-3.44,,,,,-1.27,,,
47,12_diethoxyethane,,-6.01,,,-6.28,,-7.78,-4.08,,,,,,,,-3.26,-4.1,,,,,-4.96,,,,,-3.54,,,
48,12_dimethoxyethane,,-4.53,,,-4.97,,-6.23,-1.73,,,,,,,,-4.01,-4.34,,,,,-7.06,,,,,-4.84,,,
49,12_ethanediol,,-5.03,,,-3.35,,-4.25,-3.61,,,,,,,,-3.83,-5.01,,,,,-4.53,,,,,-9.3,,,
50,123_trichlorobenzene,,-9.73,,,-6.5,,-7.74,-4.3,,,,,,,,-5.24,-6.05,,,,,-3.4,,,,,-1.24,,,
51,123_trimethylbenzene,,-3.62,,,-3.59,,-4.74,-3.82,,,,,,,,-5.78,-3.12,,,,,-3.89,,,,,-1.21,,,
52,1234_tetrachlorobenzene,,-4.02,,,-5.12,,-5.58,-2.93,,,,,,,,-4.84,-7.77,,,,,-4.36,,,,,-1.34,,,
53,1235_tetrachlorobenzene,,-2.8,,,-5.49,,0.12,-3.78,,,,,,,,-2.37,-5.36,,,,,-5.25,,,,,-1.62,,,
54,124_trichlorobenzene,,-8.81,,,-4.4,,-3.94,-5.89,,,,,,,,-2.68,-5.43,,,,,-8.49,,,,,-1.12,,,
55,124_trimethylbenzene,,-2.99,,,-8.16,,-7.14,-4.17,,,,,,,,-2.03,,,,,,-5.83,,,,,-0.86,,,
56,1245_tetrachlorobenzene,,-9.93,,,-5.03,,-5.37,-2.67,,,,,,,,-6.3,,,,,,-7.61,,,,,-1.34,,,
57,13_dichlorobenzene,,-5.14,,,-4.12,,-3.65,-6.02,,,,,,,,-7.68,,,,,,-6.4,,,,,-0.98,,,
58,13_dichloropropane,,-6.36,,,-3.09,,-6.21,-6.26,,,,,,,,-6.19,,,,,,-3.15,,,,,-1.89,,,
59,13_dimethylnaphthalene,,-6.88,,,-5.26,,-5.45,-4.41,,,,,,,,-2.86,,,,,,-4.06,,,,,-2.47,,,
60,135_trichlorobenzene,,,,,-7.1,,-6.6,-3.61,,,,,,,,-6.16,,,,,,-1.89,,,,,-0.78,,,
61,135_trimethylbenzene,,,,,-7.86,,-4.73,-5.38,,,,,,,,-5.63,,,,,,-4.25,,,,,-0.9,,,
62,14_dichlorobenzene,,,,,-9.13,-6.31,-5.48,-3.56,,,,,-7.75,,,-2.39,,,-5.78,,,-5.7,,,,,-1.01,,,
63,14_dichlorobutane,,,,,-4.81,,-6.7,-2.86,,,,,,,,-2.89,,,,,,-3.06,,,,,-2.32,,,
64,14_dimethyl_piperazine,,,,,-6.12,,-6.61,-7.19,,,,,,,,-2.03,,,,,,-6.01,,,,,-7.58,,,
65,14_dimethylnaphthalene,,,,,-6.1,,-6.24,-2.86,,,,,,,,-5.02,,,,,,-6.35,,,,,-2.82,,,
66,14_dioxane,,,,,,,-5.9,-3.12,,,,,,,,-7.29,,,,,-5.46,-2.54,,,,,-5.06,,,
67,2_bromo_2_methylpropane,,,,,,,-4.68,-4.36,,,,,,,,-4.24,,,,,,-4.36,,,,,0.84,,,
68,2_bromopropane,,,,,,,-3.9,-5.71,,,,,,,,-5.74,,,,,,-4.18,,,,,-0.48,,,
69,2_butoxyethanol,,,,,,,-10.3,-2.63,,,,,,,,-5.26,,,,,,-6.97,,,,,-6.25,,,
70,2_chloro_111_trimethoxyethane,,,,,,,-0.51,-6.29,,,,,,,,-3.27,,,,,,-6.4,,,,,-4.59,,,
71,2_chloro_2_methylpropane,,,,,,,-5.5,-3.77,,,,,,,,-2.21,,,,,,-5.63,,,,,1.09,,,
72,2_chloroaniline,,,,,,,-6.35,-7.14,-7.61,,,,,,,-3.48,,,,,,-4.75,,,,,-4.91,,-8.37,
73,2_chlorobutane,,,,,,,-7.09,-3.5,,,,,,,,-0.67,,,,,,-3.6,,,,,0.0,,,
74,2_chlorophenol,,,,-7.81,,-6.4,-5.98,-5.73,-7.03,,-7.34,,,,,-6.14,,,,,,-7.48,,,,,-4.55,,,
75,2_chloropropane,,,,,,,-6.72,-4.19,,,,,,,,-3.33,,,,,,-2.84,,,,,-0.25,,,
76,2_chloropyridine,,,,,,,-4.48,-7.38,,,,,,,,-2.95,,,,,,-2.45,,,,,-4.39,,,
77,2_chlorotoluene,,,,,,,-7.81,-5.47,,,,,,,,-2.81,,,,,,-5.8,,,,,-1.14,,,
78,2_ethoxyethanol,,,,,,,-4.9,-5.52,,,,,,,,-2.31,,,,,,-4.62,,,,,-6.69,,,
79,2_ethylpyrazine,,,,,,,-7.05,,,,,,,,,-3.12,,,,,,-8.43,,,,,-5.45,,,
80,2_ethylpyridine,,,,,,,-6.45,,,,,,,,,-3.86,,,,,,-3.78,,,,,-4.33,,,
81,2_ethyltoluene,,,,,,,-11.06,,,,,,,,,-4.95,,,,,,1.5,,,,,-1.04,,,
82,2_fluorophenol,,,,,,-6.07,-10.23,,,,,,,,,-1.4,,,,,,-7.62,,,,,-5.29,,,
83,2_iodophenol,,,,-9.99,,-8.88,-7.34,,,,,,,,,-4.88,,,,,,-9.81,,,,,-6.2,,,
84,2_iodopropane,,,,,,,,,,,,,,,,-3.95,,,,,,-2.89,,,,,-0.46,,,
85,2_isobutylpyrazine,,,,,,,,,,,,,,,,-3.51,,,,,,-2.06,,,,,-5.04,,,
86,2_methoxy_111_trimethoxyethane,,,,,,,,,,,,,,,,-2.58,,,,,,-3.78,,,,,-5.73,,,
87,2_methoxyaniline,,,,,,,,,,,,,,,,-1.67,,,,,,-5.28,,,,,-6.12,,,
88,2_methoxyethanamine,,,,,,,,,,,,,,,,-4.69,,,,,,-7.58,,,,,-6.55,,,
89,2_methoxyethanol,,,,,,,,,,,,,,,,-5.61,,,,,,-1.59,,,,,-6.76,,,
90,2_methoxyphenol,,,,,,,,,,,,,,,,-3.93,,,,,,-4.24,,,,,-5.57,,,
91,2_methyl_but_2_ene,,,,,,,,,,,,,,,,-2.76,,,,,,-6.27,,,,,1.31,,,
92,2_methylbut_2_ene,,,,,,,,,,,,,,,,-3.6,,,,,,-4.44,,,,,1.31,,,
93,2_methylbuta_13_diene,,,,,,,,,,,,,,,,-2.48,,,,,,-2.94,,,,,0.68,,,
94,2_methylbutan_1_ol,,,,,,,,,,,,,,,,-5.37,,,,,,-3.51,,,,,-4.42,,,
95,2_methylbutan_2_ol,,,,,,,,,,,,,,,,-4.66,,,,,,-4.81,,,,,-4.43,,,
96,2_methylbutane,,,,,,,,,,,,,,,,-0.99,,,,,,-5.13,,,,,2.38,,,
97,2_methylhexane,,,,,,,,,,,,,,,,-5.52,,,,,,-4.4,,,,,2.93,,,
98,2_methylpent_1_ene,,,,,,,,,,,,,,,,-6.02,,,,,,-5.99,,,,,1.47,,,
99,2_methylpentan_2_ol,,,,,,,,,,,,,,,,-3.82,,,,,,-4.55,,,,,-3.92,,,
100,2_methylpentan_3_ol,,,,,,,,,,,,,,,,-6.25,,,,,,-3.07,,,,,-3.88,,,
101,2_methylpentane,,,,,,,,,,,,,,,,-2.92,,,,,,-3.93,,,,,2.51,,,
102,2_methylpropan_1_ol,,,,,,,,,,,,,,,,-10.32,,,,,,-4.13,,,,,-4.5,,,
103,2_methylpropan_2_ol,,,,,,,,,,,,,,,,-2.48,,,,,,-5.07,,,,,-4.47,,,
104,2_methylpropane,,,,,,,,,,,,,,,,-3.64,,,,,,-5.11,,,,,2.32,,,
105,2_methylpropene,,,,,,,,,,,,,,,,-3.94,,,,,,-3.23,,,,,1.16,,,
106,2_methylpyrazine,,,,,,,,,,,,,,,,-4.39,,,,,,-4.78,,,,,-5.51,,,
107,2_methylpyridine,,-5.82,,,,,,-4.94,,,,,,,,-2.67,,,,,,-5.67,,,,,-4.63,,,
108,2_methyltetrahydrofuran,,,,,,,,,,,,,,,,-3.57,,,,,,-4.89,,,,,-3.3,,,
109,2_methylthiophene,,,,,,,,,,,,,,,,-3.42,,,,,,-6.18,,,,,-1.38,,,
110,2_naphthol,-10.92,-10.48,,-12.35,,-10.48,,-8.5,-12.16,,-10.52,,,,,-5.44,,,-10.14,,,-11.78,,,,,-8.11,,-10.97,
111,2_naphthylamine,,,,-11.17,,-11.14,,-9.12,-10.63,,,,,,,-2.74,,,,,,-10.57,,,,,-7.47,,-11.24,
112,2_nitroaniline,,,,,,,,,,,,,,,,-3.12,,,,,,-1.74,,,,,-7.37,,,
113,2_nitrophenol,,,,,,,,,,,,,,,,-3.66,,,,,,-68.19,,,,,-4.58,,,
114,2_nitropropane,,,,,,,,,,,,,,,,-5.2,,,,,,-12.36,,,,,-3.13,,,
115,2_nitrotoluene,,,,,,,,,,,,,,,,-4.33,,,,,,-3.01,,,,,-3.58,,,
116,2_phenylethanol,,,,,,,,,,,,,,,,-3.55,,,,,,-4.53,,,,,-6.79,,,
117,2_propoxyethanol,,,,,,,,,,,,,,,,-3.89,,,,,,-8.13,,,,,-6.4,,,
118,22_dimethylbutane,,,,,,,,,,,,,,,,-4.68,,,,,,-5.01,,,,,2.51,,,
119,22_dimethylpentane,,,,,,,,,,,,,,,,-2.96,,,,,,-10.59,,,,,2.88,,,
120,22_dimethylpropane,,,,,,,,,,,,,,,,-2.18,,,,,,-0.75,,,,,2.51,,,
121,222_trifluoroethanol,,,,,,,,,,,,,-6.93,,,-1.32,,,-5.72,,,-4.87,,,,,-4.31,,,
122,224_trimethylpentane,,,,,,,,,,,,,,,,-5.64,,,,,,-3.43,,,,,2.89,,,
123,225_trimethylhexane,,,,,,,,,,,,,,,,-5.14,,,,,,-6.71,,,,,2.93,,,
124,23_dimethylbuta_13_diene,,,,,,,,,,,,,,,,-2.58,,,,,,-2.79,,,,,0.4,,,
125,23_dimethylbutane,,,,,,,,,,,,,,,,-6.31,,,,,,-5.87,,,,,2.34,,,
126,23_dimethylnaphthalene,,,,,,,,,,,,,,,,-4.24,,,,,,-6.86,,,,,-2.78,,,
127,23_dimethylpentane,,,,,,,,,,,,,,,,-5.44,,,,,,-123.89,,,,,2.52,,,
128,23_dimethylphenol,,,,,,,,,,,,,,,,-3.29,,,,,,-3.52,,,,,-6.16,,,
129,23_dimethylpyridine,,,,,,,,,,,,,,,,-4.04,,,,,,-3.74,,,,,-4.82,,,
130,234_trimethylpentane,,,,,,,,,,,,,,,,-5.15,,,,,,-5.71,,,,,2.56,,,
131,24_dimethylpentan_3_one,,,,,,,,,,,,,,,,-3.63,,,,,,-6.14,,,,,-2.74,,,
132,24_dimethylpentane,,,,,,,,,,,,,,,,-4.23,,,,,,-2.03,,,,,2.83,,,
133,24_dimethylphenol,,,,,,,,,,,,,,,,-3.05,,,,,,-3.87,,,,,-6.01,,,
134,24_dimethylpyridine,,,,,,,,,,,,,,,,-4.01,,,,,,-5.65,,,,,-4.86,,,
135,25_dimethylphenol,,,,,,,,,,,,,,,,-5.35,,,,,,-2.43,,,,,-5.91,,,
136,25_dimethylpyridine,,,,,,,,,,,,,,,,-6.22,,,,,,-8.69,,,,,-4.72,,,
137,25_dimethyltetrahydrofuran,,,,,,,,,,,,,,,,-3.38,,,,,,-7.26,,,,,-2.92,,,
138,26_dimethylaniline,,,,,,,,,,,,,,,,-5.27,,,,,,-4.16,,,,,-5.21,,,
139,26_dimethylnaphthalene,,,,,,,,,,,,,,,,-2.59,,,,,,-6.13,,,,,-2.63,,,
140,26_dimethylphenol,,,,,,,,,,,,,,,,-3.87,,,,,,-3.93,,,,,-5.26,,,
141,26_dimethylpyridine,,,,,,,,,,,,,,,,-4.93,,,,,,-3.46,,,,,-4.59,,,
142,3_acetylpyridine,,,,,,,,,,,,,,,,-1.68,,,,,,-5.08,,,,,-8.26,,,
143,3_chloroaniline,,,,,,,,,,,,,,,,-1.92,,,,,,-4.55,,,,,-5.82,,,
144,3_chlorophenol,,,,-10.27,,-8.01,,-6.42,-9.82,,-9.48,,,,,-5.91,,,,,,-10.02,,,,,-6.62,,-8.36,
145,3_chloroprop_1_ene,,,,,,,,,,,,,,,,-4.61,,,,,,-54.77,,,,,-0.57,,,
146,3_chloropyridine,,,,,,,,,,,,,,,,-0.72,,,,,,-5.82,,,,,-4.01,,,
147,3_cyanophenol,,,,,,,,,,,,,,,,-2.2,,,,,,-8.82,,,,,-9.65,,,
148,3_cyanopyridine,,,,,,,,,,,,,,,,-2.74,,,,,,-6.63,,,,,-6.75,,,
149,3_ethylphenol,,,,,,,,,,,,,,,,-5.24,,,,,,-4.64,,,,,-6.25,,,
150,3_ethylpyridine,,,,,,,,,,,,,,,,-4.42,,,,,,-2.65,,,,,-4.59,,,
151,3_formylpyridine,,,,,,,,,,,,,,,,-3.94,,,,,,-5.34,,,,,-7.1,,,
152,3_hydroxybenzaldehyde,,,,,,,,,,,,,,,,,,,,,,-6.14,,,,,-9.5,,,
153,3_methoxyaniline,,,,,,,,,,,,,,,,,,,,,,-1.13,,,,,-7.29,,,
154,3_methoxyphenol,,,,,,-8.71,,,,,-10.49,,,,,,,,,,,-4.68,,,,,-7.66,,-8.93,
155,3_methyl_1h_indole,,,,,,,,,,,,,,,,,,,,,,-1.45,,,,,-5.88,,,
156,3_methyl_but_1_ene,,,,,,,,,,,,,,,,,,,,,,-8.2,,,,,1.83,,,
157,3_methylbut_1_ene,,,,,,,,,,,,,,,,,,,,,,-8.22,,,,,1.82,,,
158,3_methylbutan_1_ol,,,,,,,,,,,,,,,,,,,,,,-80.93,,,,,-4.42,,,
159,3_methylbutan_2_one,,,,,,,,,,,,,,,,,,,,,,-1.86,,,,,-3.24,,,
160,3_methylbutanoic_acid,,,,,,,,,,,,,,,,,,,,,,-5.99,,,,,-6.09,,,
161,3_methylheptane,,,,,,,,,,,,,,,,,,,,,,-5.19,,,,,2.97,,,
162,3_methylhexane,,,,,,,,,,,,,,,,,,,,,,-11.77,,,,,2.71,,,
163,3_methylpentane,,,,,,,,,,,,,,,,,,,,,,-4.18,,,,,2.51,,,
164,3_methylpyridine,,,,,,,,,,,,,,,,,,,,,,,,,,,-4.77,,,
165,3_nitroaniline,,,,,,-11.02,,-8.27,,,-10.46,,,,,,,,,,,-10.71,,,,,-8.84,,,
166,3_nitrophenol,,,,-12.92,,-10.3,,-7.56,-11.61,,-12.62,,,,,,,,,,,-12.34,,,,,-9.62,,-10.87,
167,3_nitrotoluene,,,,,,,,,,,,,,,,,,,,,,,,,,,-3.45,,,
168,3_phenylpropanol,,,,,,,,,,,,,,,,,,,,,,,,,,,-6.92,,,
169,33_dimethylbutan_2_one,,,,,,,,,,,,,,,,,,,,,,,,,,,-3.11,,,
170,33_dimethylpentane,,,,,,,,,,,,,,,,,,,,,,,,,,,2.56,,,
171,333_trimethoxypropionitrile,,,,,,,,,,,,,,,,,,,,,,,,,,,-6.4,,,
172,34_dimethylphenol,,,,,,,,,,,,,,,,,,,,,,,,,,,-6.5,,,
173,34_dimethylpyridine,,,,,,,,,,,,,,,,,,,,,,,,,,,-5.22,,,
174,35_dimethylphenol,,,,,,,,,,,,,,,,,,,,,,,,,,,-6.27,,,
175,35_dimethylpyridine,,,,,,,,,,,,,,,,,,,,,,,,,,,-4.84,,,
176,4_acetylpyridine,,,,,,,,,,,,,,,,,,,,,,,,,,,-7.62,,,
177,4_bromophenol,,,,-10.56,,-8.59,,,-10.4,,,,,,,,,,,,,-10.66,,,,,-7.13,,-9.04,
178,4_bromotoluene,,,,,,,,,,,,,,,,,,,,,,-6.16,,,,,-1.39,,,
179,4_chloro_3_methylphenol,,,,,,,,,,,,,,,,,,,,,,,,,,,-6.79,,,
180,4_chloroaniline,,,,,,,,,-8.24,,-8.16,,,,,,,,,,,,,,,,-5.9,,,
181,4_chlorophenol,,,,-10.45,,-8.49,,-6.55,-9.9,,-10.2,,,,,,,,,,,-10.3,,,,,-7.03,,-8.84,
182,4_cyanophenol,,,,,,,,,,,,,,,,,,,,,,,,,,,-10.17,,,
183,4_cyanopyridine,,,,,,,,,,,,,,,,,,,,,,,,,,,-6.02,,,
184,4_ethylphenol,,,,,,,,,,,,,,,,,,,,,,,,,,,-6.13,,,
185,4_ethylpyridine,,,,,,,,,,,,,,,,,,,,,,,,,,,-4.73,,,
186,4_ethyltoluene,,,,,,,,,,,,,,,,,,,,,,,,,,,-0.95,,,
187,4_fluorophenol,,,,-8.85,,,,,,,,,,,,,,,,,,-8.6,,,,,-6.19,,-7.16,
188,4_formylpyridine,,,,,,,,,,,,,,,,,,,,,,,,,,,-7.0,,,
189,4_hydroxybenzaldehyde,,,,,,,,,,,,,,,,,,,,,,,,,,,-8.83,,,
190,4_isopropyltoluene,,,,,,,,,,,,,,,,,,,,,,,,,,,-0.68,,,
191,4_methoxyacetophenone,,,,,,,,,,,,,,,,,,,,,,,,,,,-4.4,,,
192,4_methoxyaniline,,,,,,,,,,,,,,,,,,,,,,,,,,,-7.48,,,
193,4_methyl_1h_imidazole,,,,,,,,,,,,,,,,,,,,,,,,,,,-10.27,,,
194,4_methylacetophenone,,,,,,,,,,,,,,,,,,,,,,,,,,,-4.7,,,
195,4_methylbenzaldehyde,,,,,,,,,,,,,,,,,,,,,,,,,,,-4.27,,,
196,4_methylpentan_2_ol,,,,,,,,,,,,,,,,,,,,,,,,,,,-3.73,,,
197,4_methylpentan_2_one,,,,,,,,,,,,,,,,,,,,,,,,,,,-3.05,,,
198,4_methylpyridine,,-6.16,,,,-7.49,,-5.24,-5.65,,,,,,,,,,,,,-6.59,,,,,-4.93,,,
199,4_n_propylphenol,,,,,,,,,,,,,,,,,,,,,,,,,,,-5.9,,,
200,4_nitroaniline,-13.67,,-12.44,-13.13,,-11.99,,-10.76,-11.28,,-12.29,,,-14.36,-12.93,,,,-13.21,,,-12.16,-12.63,-13.97,,,-10.27,,-12.59,
201,4_nitrophenol,,,,,,,,,,,,,,,,,,,,,,,,,,,-10.64,,,
202,4_tert_butylphenol,,,,,,,,,,,,,,,,,,,,,,,,,,,-5.91,,,
203,acenaphthene,,,,,,,,,,,,,,,,,,,,,,,,,,,-3.15,,,
204,acetaldehyde,,,,,,,,,,,,,,,,,,,,,,,,,,,-3.5,,,
205,acetic_acid,,-3.62,-6.64,-6.15,,-4.69,,-2.24,-5.37,,-6.23,,,,,,,,,-4.78,,-6.46,,,,,-6.69,,-4.65,-2.76
206,acetonitrile,-4.9,,-3.54,,,-4.42,,,-3.2,,-3.62,,-4.63,,-3.95,,,,-4.02,,,-3.42,,-3.83,,,-3.88,,-4.29,
207,acetophenone,-7.33,,,,,-8.37,,-6.28,-6.77,,-6.78,,-7.63,,,,,,-6.92,,,-6.73,,,,,-4.58,,-7.82,
208,alpha_methylstyrene,,,,,,,,,,,,,,,,,,,,,,,,,,,-1.24,,,
209,aniline,-7.72,-6.85,,-7.3,,-7.33,,-5.56,-6.46,,-6.36,,,,-7.19,,,,-7.48,-7.15,,-6.71,,-7.96,,,-5.49,,-7.46,
210,anisole,-5.96,,,,,-6.69,,-5.43,,,-5.8,,-6.18,,,,,,-5.62,,,-5.32,,,,,-2.45,,,
211,anthracene,-10.15,-11.13,-9.79,-10.94,,-11.41,,-9.7,-10.43,,-10.67,,-11.24,-10.56,-10.2,,,,-9.59,,,-10.12,-9.85,-10.91,,,-3.95,,,
212,azetidine,,,,,,,,,,,,,,,,,,,,,,,,,,,-5.56,,,
213,benzaldehyde,-6.71,-6.88,,,,-7.08,,-5.56,-6.1,,-6.08,,-7.13,,,,,,,,,-6.04,,,,,-4.02,,-7.23,
214,benzamide,,-10.03,,,,-11.16,,-8.38,-9.53,,-10.7,,,,,,,,-10.09,,,-11.87,,,,,-11.0,,,
215,benzene,-4.16,-4.54,-3.38,-3.87,,-4.63,,-4.06,-4.1,,-4.19,,-4.43,-3.95,-3.79,,,,-3.76,,,-3.76,-3.79,-4.36,,,-0.86,,-4.52,
216,benzonitrile,,,,,,,,,,,,,,,,,,,,,,,,,,,-4.21,,,
217,benzotrifluoride,,,,,,,,,,,,,,,,,,,,,,,,,,,-0.25,,,
218,benzyl_alcohol,-8.02,,,,,-7.93,,-5.31,-8.66,,-7.5,,-8.51,,,,,,-7.54,,,-8.12,,,,,-6.62,,-7.69,
219,benzyl_bromide,,,,,,,,,,,,,,,,,,,,,,,,,,,-2.38,,,
220,benzyl_chloride,,,,,,,,,,,,,,,,,,,,,,,,,,,-1.93,,,
221,biphenyl,-9.1,,,,,-9.01,,-8.21,-8.84,,-8.58,,-8.93,,-8.29,,,,-7.87,,,-8.18,,,,,-2.66,,-9.33,
222,bis_2_chloroethyl__ether,,,,,,,,,,,,,,,,,,,,,,,,,,,-4.23,,,
223,Br,-59.034,,-60.75,,,,,,,,,,-57.839,59.894,-62.094,,,,-63.815,-62.141,-59.512,-62.61,-61.17,,,,-66.4,,-57.08,
224,bromobenzene,-5.75,,,,,-6.4,,,,,,,,,,,,,,,,-5.53,,,,,-1.46,,,
225,bromoethane,,,,,,,,,,,,,-3.38,,-3.03,,,,,,,,,,,,-0.74,,,
226,bromoethane,,,,,,-3.79,,,,,,,,,,,,,,,,-2.93,,,,,-0.74,,-3.6,
227,bromomethane,,,,,,,,,,,,,,,,,,,,,,-2.44,,,,,-0.82,,,
228,bromotrifluoromethane,,,,,,,,,,,,,,,,,,,,,,,,,,,1.79,,,
229,but_1_ene,,,,,,,,,,,,,,,,,,,,,,,,,,,1.38,,,
230,but_1_yne,,,,,,,,,,,,,,,,,,,,,,-2.15,,,,,-0.16,,,
231,buta_13_diene,,,,,,,,,,,,,,,,,,,,,,,,,,,0.61,,,
232,butan_1_ol,-5.22,-4.56,-6.12,-5.16,,-5.29,,-3.54,-4.68,,-5.55,,,,-6.35,,,,-6.21,,,-5.86,-6.1,,,,-4.72,,,
233,butan_2_ol,,,,,,,,,,,,,,,,,,,,,,,,,,,-4.62,,,
234,butanenitrile,,,,,,,,,,,,,,,,,,,,,,,,,,,-3.64,,,
235,butanoic_acid,,-5.04,,-7.29,,-5.98,,-3.6,-6.54,,-7.18,,,,,,,,,-5.84,,-7.42,,,,,-6.35,,-6.09,-4.43
236,butanone,-4.87,-4.53,,,,-5.27,,-3.37,-3.72,,-4.16,,-4.7,-4.39,-4.31,,,,-4.55,,-4.72,-4.1,-4.19,-4.77,,,-3.71,,-4.96,
237,butyraldehyde,,,,,,,,,,,,,,,,,,,,,,,,,,,-3.18,,,
238,chlorobenzene,-5.15,,,,,,,,,,,,-5.54,,-5.02,,,,-5.11,,,,,-5.51,,,-1.12,,,
239,chlorobenzene,,,,,,-5.75,,,,,,,,,,,,,,,,-5.06,,,,,-1.12,,,
240,chlorodifluoromethane,,,,,,,,,,,,,,,,,,,,,,,,,,,-0.5,,,
241,chloroethane,,,,,,,,,,,,,-2.74,,,,,,,,,-2.58,,,,,-0.63,,,
242,chloroethylene,,,,,,,,,,,,,,,,,,,,,,-2.66,,,,,-0.59,,,
243,chlorofluoromethane,,,,,,,,,,,,,,,,,,,,,,,,,,,-0.77,,,
244,chloromethane,,,,,,-2.48,,,,,,,-2.36,,,,,,,,,-1.79,,,,,-0.55,,,
245,cis_12_dimethylcyclohexane,,,,,,,,,,,,,,,,,,,,,,,,,,,1.58,,,
246,Cl,-62.62,,-65.73,,,,,,,,,,-61.185,63.026,-67.83,,,,-69.551,-65.727,-63.647,-68.19,-66.61,,,,-72.7,,-59.82,
247,Cs,-71.702,,-68.67,,,,,,,,,,-75.765,76.243,-69.551,,,,-70.985,-69.551,-71.797,,-68.93,,,,-73.1,,-67.37,
248,cyanobenzene,,,,,,,,,,,,,,,,,,,,,,,,,,,-4.1,,,
249,cyclohepta_135_triene,,,,,,,,,,,,,,,,,,,,,,,,,,,-0.99,,,
250,cycloheptanol,,,,,,,,,,,,,,,,,,,,,,,,,,,-5.48,,,
251,cyclohexane,-2.86,-4.05,-3.5,-3.9,,-4.45,,-4.41,-4.1,,-4.18,,-3.15,-2.26,-3.47,,,,-3.16,,,-3.46,-3.47,-3.39,,,1.23,,-3.8,
252,cyclohexanol,,,,,,,,,,,,,,,,,,,,,,,,,,,-5.46,,,
253,cyclohexanone,,,,,,,,,,,,,,,,,,,,,,,,,,,-4.91,,,
254,cyclohexene,,,,,,,,,,,,,,,,,,,,,,,,,,,0.37,,,
255,cyclohexylamine,,,,,,,,,,,,,,,,,,,,,,,,,,,-4.59,,,
256,cyclopentane,,,,,,,,,,,,,,,,,,,,,,,,,,,1.2,,,
257,cyclopentanol,,,,,,,,,,,,,,,,,,,,,,,,,,,-5.49,,,
258,cyclopentanone,,,,,,,,,,,,,,,,,,,,,,,,,,,-4.7,,,
259,cyclopentene,,,,,,,,,,,,,,,,,,,,,,,,,,,0.56,,,
260,cyclopropane,,,,,,,,,,,,,,,,,,,,,,,,,,,0.75,,,
261,decan_1_ol,,,,,,,,,,,,,,,,,,,,,,,,,,,-3.64,,,
262,decan_2_one,,,,,,,,,,,,,,,,,,,,,,,,,,,-2.34,,,
263,di_isopropyl_sulfide,,,,,,,,,,,,,,,,,,,,,,,,,,,-1.21,,,
264,di_n_butyl_ether,,,,,,,,,,,,,,,,,,,,,,,,,,,-0.83,,,
265,di_n_butylamine,,,,,,,,,,,,,,,,,,,,,,,,,,,-3.24,,,
266,di_n_propyl_ether,,,,,,,,,,,,,,,,,,,,,,,,,,,-1.16,,,
267,di_n_propyl_sulfide,,,,,,,,,,,,,,,,,,,,,,,,,,,-1.28,,,
268,di_n_propylamine,,,,,,,,,,,,,,,,,,,,,,,,,,,-3.65,,,
269,dibromomethane,,,,,,,,,,,,,,,,,,,,,,,,,,,-1.96,,,
270,dichloromethane,-3.95,,-3.39,,,-4.03,,,-3.2,,-3.87,,,-4.21,,,,,-3.42,,,-3.01,,-4.24,,,-1.31,,-3.72,
271,diethoxymethoxybenzene,,,,,,,,,,,,,,,,,,,,,,,,,,,-5.23,,,
272,diethyl_disulfide,,,,,,,,-5.73,,,,,,,,,,,,,,-5.45,,,,,-1.64,,,
273,diethyl_ether,,,-2.91,,,-4.15,,-2.49,-3.14,,-2.95,,,,,,,,-3.1,,,-2.8,,,,,-1.59,,-3.31,
274,diethyl_malonate,,,,,,,,,,,,,,,,,,,,,,,,,,,-6.0,,,
275,diethyl_succinate,,,,,,,,,,,,,,,,,,,,,,,,,,,-5.71,,,
276,diethyl_sulfide,,,,,,,,-3.81,,,,,,,,,,,,,,-3.55,,,,,-1.46,,,
277,diethylamine,,,-5.64,,,,,-3.61,,,,,,,,,,,-5.09,,,,-5.62,,,,-4.07,,,
278,diiodomethane,,,,,,,,,,,,,,,,,,,,,,,,,,,-2.49,,,
279,diisopropyl_ether,,,,,,,,,,,,,,,,,,,,,,,,,,,-0.53,,,
280,diisopropylamine,,,,,,,,,,,,,,,,,,,,,,,,,,,-3.22,,,
281,dimethoxymethane,,,,,,,,,,,,,,,,,,,,,,,,,,,-2.93,,,
282,dimethyl_disulfide,,,,,,,,,,,,,,,,,,,,,,-4.24,,,,,-1.83,,,
283,dimethyl_ether,,,,,,,,,,,,,,,,,,,,,,,,,,,-1.91,,,
284,dimethyl_sulfate,,,,,,,,,,,,,,,,,,,,,,,,,,,-5.1,,,
285,dimethyl_sulfide,,,,,,,,,,,,,,,,,,,,,,,,,,,-1.61,,,
286,dimethyl_sulfone,,,,,,,,,,,,,,,,,,,,,,,,,,,-10.08,,,
287,dimethyl_sulfoxide,,,,,,,,,,,,,,,,,,,,,,,,,,,-8.71,,,
288,dimethylamine,,-3.01,,,,-3.69,,,,,-2.63,,-2.87,,-3.27,,,,-3.5,,,-2.72,-2.98,,,,-4.29,,,
289,E_12_dichloroethene,,,,,,,,,,,,,,,,,,,,,,,,,,,-0.78,,,
290,E_but_2_enal,,,,,,,,,,,,,,,,,,,,,,,,,,,-4.22,,,
291,E_hept_2_ene,,,,,,,,,,,,,,,,,,,,,,,,,,,1.68,,,
292,E_hex_2_enal,,,,,,,,,,,,,,,,,,,,,,,,,,,-3.68,,,
293,E_oct_2_enal,,,,,,,,,,,,,,,,,,,,,,,,,,,-3.43,,,
294,ethanamide,,,,,,,,,,,,,,,,,,,,,,,,,,,-9.71,,,
295,ethane,,,-0.58,,,,,-0.97,,,-1.15,,-0.3,,-0.59,,,,-0.52,,,-0.63,-0.61,,,,1.83,,,
296,ethanethiol,,,,,,,,,,,,,,,,,,,,,,,,,,,-1.14,,,
297,ethanol,-4.31,-2.8,-5.46,-3.64,,-3.82,,-2.43,-3.26,,-4.23,,-5.18,-5.31,-5.08,,,,-5.27,,-4.16,-4.58,-4.78,-4.37,,,-5.0,,-3.64,
298,ethene,,,,,,,,,,,,,,,,,,,,,,,,,,,1.28,,,
299,ethyl_acetate,-4.47,-4.31,-3.83,,,-5.39,,-3.4,,,-4.2,,-4.26,-3.83,,,,,,,,-3.93,,,,,-2.94,,-4.76,
300,ethyl_benzoate,,,,,,,,,-7.86,,,,,,,,,,,,,-7.24,,,,,-3.64,,-7.86,
301,ethyl_butanoate,,,,,,,,,,,,,,,,,,,,,,,,,,,-2.49,,,
302,ethyl_formate,,,,,,,,,,,,,,,,,,,,,,,,,,,-2.56,,,
303,ethyl_hexanoate,,,,,,,,,,,,,,,,,,,,,,,,,,,-2.23,,,
304,ethyl_pentanoate,,,,,,,,,,,,,,,,,,,,,,,,,,,-2.49,,,
305,ethyl_phenyl_ether,,,,,,,,,,,,,,,,,,,,,,,,,,,-2.22,,,
306,ethyl_propanoate,,,,,,,,,,,,,,,,,,,,,,,,,,,-2.68,,,
307,ethylamine,,-2.73,,,,-4.02,,-2.05,,,-2.89,,,,,,,,,,,-4.09,,,,,-4.5,,-3.08,
308,ethylbenzene,,,,,,,,,,,,,,,,,,,,,,,,,,,-0.79,,,
309,fluorene,,,,,,,,,,,,,,,,,,,,,,,,,,,-3.35,,,
310,fluorobenzene,,,,,,-4.26,,,-5.46,,,,,,,,,,,,,-3.89,,,,,-0.8,,,
311,fluoromethane,,,,,,,,,,,,,,,,,,,,,,,,,,,-0.22,,,
312,formaldehyde,,,,,,,,,,,,,,,,,,,,,,,,,,,-2.75,,,
313,halothane,,,,,,,,,,,,,,,,,,,,,,,,,,,-0.11,,,
314,hept_1_ene,,,,,,,,,,,,,,,,,,,,,,,,,,,1.66,,,
315,hept_1_yne,,,,,,,,,,,,,,,,,,,,,,,,,,,0.6,,,
316,heptan_1_ol,,,,,,,,,,,,,,,,,,,,,,,,,,,-4.21,,,
317,heptan_2_one,,,,,,,,,,,,,,,,,,,,,,,,,,,-3.04,,,
318,heptan_4_one,,,,,,,,,,,,,,,,,,,,,,,,,,,-2.92,,,
319,heptanal,,,,,,,,,,,,,,,,,,,,,,,,,,,-2.67,,,
320,hex_1_ene,,,,,,,,,,,,,,,,,,,,,,,,,,,1.58,,,
321,hex_1_yne,,,,,,,,,,,,,,,,,,,,,,-3.43,,,,,0.29,,,
322,hexa_15_diene,,,,,,,,,,,,,,,,,,,,,,,,,,,1.01,,,
323,hexafluoropropene,,,,,,,,,,,,,,,,,,,,,,,,,,,-3.76,,,
324,hexan_1_ol,,,,,,,,,,,,,,,,,,,,,,,,,,,-4.4,,,
325,hexan_2_one,,,,,,,,,,,,,,,,,,,,,,,,,,,-3.28,,,
326,hexan_3_ol,,,,,,,,,,,,,,,,,,,,,,,,,,,-4.06,,,
327,hexanal,,,,,,,,,,,,,,,,,,,,,,,,,,,-2.81,,,
328,hexanoic_acid,,,,,,,,,,,,,,,,,,,,-7.26,,,,,,,-6.21,,,
329,hydrazine,,,,,,,,,,,,,,,,,,,,,,,,,,,-9.3,,,
330,hydrogen_sulfide,,,,,,-0.51,,,,,-1.99,,,,,,,,,,,,,,,,-0.7,,,
331,hydrogen_sulfide,,,,,,,,,,,,,,,,,,,,,,,,,,,-0.7,,,
332,I,-54.015,,-52.83,,,,,,,,,,-53.298,55.592,-54.995,,,,-56.405,-63.576,-53.561,-54.77,-53.51,,,,-58.1,,-52.13,
333,imidazole,,,,,,-8.5,,-4.58,,,,,,,,,,,,,,,,,,,-9.63,,,
334,indane,,,,,,,,,,,,,,,,,,,,,,,,,,,-1.46,,,
335,iodobenzene,,,,,,-6.6,,,,,-6.64,,-6.76,,,,,,-6.15,,,-6.17,,,,,-1.74,,,
336,iodoethane,,,,,,,,,,,,,-3.92,,-3.53,,,,-3.59,,,,-3.49,,,,-0.74,,,
337,iodoethane,,,,,,,,,,,-3.76,,,,,,,,,,,-3.46,,,,,-0.74,,-4.2,
338,iodomethane,,,,,,-3.79,,,,,,,-3.49,,-2.99,,,,-3.2,,,-2.95,,,,,-0.89,,-3.61,
339,isoamyl_acetate,,,,,,,,,,,,,,,,,,,,,,,,,,,-2.21,,,
340,isoamyl_formate,,,,,,,,,,,,,,,,,,,,,,,,,,,-2.13,,,
341,isobutyl_acetate,,,,,,,,,,,,,,,,,,,,,,,,,,,-2.36,,,
342,isobutyl_formate,,,,,,,,,,,,,,,,,,,,,,,,,,,-2.22,,,
343,isobutyl_isobutanoate,,,,,,,,,,,,,,,,,,,,,,,,,,,-1.69,,,
344,isobutylbenzene,,,,,,,,,,,,,,,,,,,,,,,,,,,0.16,,,
345,isobutyraldehyde,,,,,,,,,,,,,,,,,,,,,,,,,,,-2.86,,,
346,isoflurane,,,,,,,,,,,,,,,,,,,,,,,,,,,0.1,,,
347,isopropyl_acetate,,,,,,,,,,,,,,,,,,,,,,,,,,,-2.64,,,
348,isopropyl_formate,,,,,,,,,,,,,,,,,,,,,,,,,,,-2.02,,,
349,isopropylbenzene,,,,,,,,,,,,,,,,,,,,,,,,,,,-0.3,,,
350,K,-79.828,,-79.37,,,,,,,,,,-86.52,-87.237,-80.21,,,,-81.74,-78.633,-80.449,-80.93,-79.86,,,,-84.1,,-77.89,
351,Li,-120.459,,,,,,,,,,,,-128.824,-130.2,-123.805,,,,-125.478,-117.352,-114.962,-123.89,-123.7,,,,-126.4,,-119.96,
352,m_bis_trifluoromethyl__benzene,,,,,,,,,,,,,,,,,,,,,,,,,,,1.07,,,
353,m_cresol,,-6.66,,,,-6.69,,-5.2,,,-7.95,,,,,,,,-6.6,-7.29,,-8.17,,,,,-5.49,,-6.91,
354,m_xylene,-4.98,,,-6.05,,-5.84,,-5.54,,,-5.54,,-5.17,,,,,,,,,-5.19,,,,,-0.83,,-5.96,
355,methane,,,,,,,,,,,,,,,,,,,,,,,,,,,1.99,,,
356,methanesulfonyl_chloride,,,,,,,,,,,,,,,,,,,,,,,,,,,-4.87,,,
357,methanethiol,,,,,,,,,,,,,,,,,,,,,,,,,,,-1.24,,,
358,methanol,-4.01,-2.53,-4.72,-2.73,,-3.39,,-1.71,-2.65,,-3.54,,-4.65,,-4.64,,,,-4.93,-2.93,,-4.09,-4.3,-4.15,,,-5.1,,-2.95,
359,methoxyflurane,,,,,,,,,,,,,,,,,,,,,,,,,,,-1.12,,,
360,methyl_acetate,,-3.85,,,,-4.71,,-2.87,,,-3.71,,,,,,,,-3.8,,,-3.37,,,,,-3.13,,-4.2,-3.23
361,methyl_benzoate,-7.83,-7.97,,,,-7.73,,-6.75,,,,,,,,,,,,,,-6.9,,,,,-3.92,,,
362,methyl_butanoate,,,,,,,,,,,,,,,,,,,,,,,,,,,-2.83,,,
363,methyl_chloroacetate,,,,,,,,,,,,,,,,,,,,,,,,,,,-4.0,,,
364,methyl_cyanoacetate,,,,,,,,,,,,,,,,,,,,,,,,,,,-6.72,,,
365,methyl_cyclohexanecarboxylate,,,,,,,,,,,,,,,,,,,,,,,,,,,-3.3,,,
366,methyl_cyclohexyl_ketone,,,,,,,,,,,,,,,,,,,,,,,,,,,-3.9,,,
367,methyl_cyclopropanecarboxylate,,,,,,,,,,,,,,,,,,,,,,,,,,,-4.1,,,
368,methyl_cyclopropyl_ketone,,,,,,,,,,,,,,,,,,,,,,,,,,,-4.61,,,
369,methyl_ethyl_ether,,,,,,,,,,,,,,,,,,,,,,,,,,,-2.1,,,
370,methyl_ethyl_sulfide,,,,,,,,,,,,,,,,,,,,,,,,,,,-1.5,,,
371,methyl_formate,,,,,,,,,,,,,,,,,,,,,,,,,,,-2.78,,,
372,methyl_hexanoate,,,,,,,,,,,,,,,,,,,,,,,,,,,-2.49,,,
373,methyl_isopropyl_ether,,,,,,,,,,,,,,,,,,,,,,,,,,,-2.01,,,
374,methyl_methanesulfonate,,,,,,,,,,,,,,,,,,,,,,,,,,,-4.87,,,
375,methyl_octanoate,,,,,,,,,,,,,,,,,,,,,,,,,,,-2.04,,,
376,methyl_p_methoxybenzoate,,,,,,,,,,,,,,,,,,,,,,,,,,,-5.33,,,
377,methyl_p_nitrobenzoate,,,,,,,,,,,,,,,,,,,,,,,,,,,-6.88,,,
378,methyl_pentanoate,,,,,,,,,,,,,,,,,,,,,,,,,,,-2.56,,,
379,methyl_propanoate,,,,,,,,,,,,,,,,,,,,,,,,,,,-2.93,,,
380,methyl_propyl_ether,,,,,,,,,,,,,,,,,,,,,,,,,,,-1.66,,,
381,methyl_t_butyl_ether,,,,,,,,,,,,,,,,,,,,,,,,,,,-2.21,,,
382,methyl_tert_butyl_ether,,,,,,,,,,,,,,,,,,,,,,,,,,,-2.21,,,
383,methyl_trifluoroacetate,,,,,,,,,,,,,,,,,,,,,,,,,,,-1.1,,,
384,methyl_trimethylacetate,,,,,,,,,,,,,,,,,,,,,,,,,,,-2.4,,,
385,methylamine,,,-2.89,,,,,,,,-2.32,,-2.66,,,,,,,,,,,,,,-4.55,,,
386,methylcyclohexane,,,,,,,,,,,,,,,,,,,,,,,,,,,1.7,,,
387,methylcyclopentane,,,,,,,,,,,,,,,,,,,,,,,,,,,1.59,,,
388,morpholine,,,,,,,,,,,,,,,,,,,,,,,,,,,-7.17,,,
389,N_acetylpyrrolidine,,,,,,,,,,,,,,,,,,,,,,,,,,,-9.8,,,
390,n_butane,,,-1.96,,,,,-2.85,-2.44,,,,-1.48,,-1.91,,,,-1.74,,,-1.86,-1.98,-1.7,,,2.07,,,
391,n_butanethiol,,,,,,,,,,,,,,,,,,,,,,,,,,,-0.99,,,
392,n_butyl_acetate,,-5.87,,-5.57,,-6.79,,-5.02,-5.72,,,,,,,,,,-5.44,,,-5.06,,,,,-2.64,,-6.01,
393,n_butylacetamide,,,,,,,,-6.73,,,,,,,,,,,,,,,,,,,-9.31,,,
394,n_butylamine,,,,,,,,,,,,,,,,,,,,,,,,,,,-4.24,,,
395,n_butylbenzene,,,,,,,,,,,,,,,,,,,,,,,,,,,-0.4,,,
396,n_decane,,,,,,,,,,,,,,,,,,,,,,,,,,,3.16,,,
397,n_heptane,-3.15,-4.5,-3.87,-4.22,,-4.57,,-4.73,-4.51,,,,-3.16,-2.1,-3.69,,,,-3.35,,,-3.69,-3.73,-3.81,,,2.67,,-4.06,
398,n_heptylamine,,,,,,,,,,,,,,,,,,,,,,,,,,,-3.79,,,
399,n_hexane,-2.68,-3.63,-3.31,-3.58,,-3.9,,-4.07,-3.85,,,,-2.72,-1.73,-3.05,,,,-2.8,,,-3.02,-3.1,-3.24,,,2.48,,-3.42,
400,n_hexyl_acetate,,,,,,,,,,,,,,,,,,,,,,,,,,,-2.26,,,
401,n_hexylamine,,,,,,,,,,,,,,,,,,,,,,,,,,,-3.95,,,
402,n_hexylbenzene,,,,,,,,,,,,,,,,,,,,,,,,,,,-0.04,,,
403,N_methyl_N__222_trifluoroethyl__aniline,,,,,,,,,,,,,,,,,,,,,,,,,,,-1.92,,,
404,N_methylacetamide,,,,,,,,,,,,,,,,,,,,,,-8.57,,,,,-10.0,,,
405,N_methylaniline,,,,,,,,,,,,,,,,,,,,,,,,,,,-4.69,,,
406,N_methylmorpholine,,,,,,,,,,,,,,,,,,,,,,,,,,,-6.32,,,
407,N_methylpiperazine,,,,,,,,,,,,,,,,,,,,,,,,,,,-7.77,,,
408,N_methylpiperidine,,,,,,,,,,,,,,,,,,,,,,,,,,,-3.88,,,
409,n_nonane,,,,,,,,,,,,,,,,,,,,,,-4.55,,,,,3.13,,,
410,n_octane,-3.66,-5.36,-4.53,-4.84,,-5.29,,-5.64,-5.24,,-5.33,,-3.84,-2.87,-4.31,,,,-3.85,,-3.15,-4.12,-4.31,-4.42,,,2.88,,-4.68,
411,n_octylamine,,,,,,,,,,,,,,,,,,,,,,,,,,,-3.65,,,
412,n_pentane,-2.09,-3.0,-2.72,-2.92,,-3.22,,-3.49,-3.17,,,,-2.07,-1.48,-2.42,,,,-2.27,,,-2.46,-2.46,-2.71,,,2.32,,-2.71,
413,n_pentyl_acetate,,,,,,,,,,,,,,,,,,,,,,,,,,,-2.51,,,
414,n_pentyl_propanoate,,,,,,,,,,,,,,,,,,,,,,,,,,,-2.11,,,
415,n_pentylamine,,,,,,,,,,,,,,,,,,,,,,,,,,,-4.09,,,
416,n_pentylbenzene,,,,,,,,,,,,,,,,,,,,,,,,,,,-0.23,,,
417,n_pentylcyclopentane,,,,,,,,,,,,,,,,,,,,,,,,,,,2.55,,,
418,n_propanethiol,,,,,,,,,,,,,,,,,,,,,,,,,,,-1.06,,,
419,n_propyl_acetate,,,,,,,,,,,,,,,,,,,,,,,,,,,-2.79,,,
420,n_propyl_butyrate,,,,,,,,,,,,,,,,,,,,,,,,,,,-2.28,,,
421,n_propyl_formate,,,,,,,,,,,,,,,,,,,,,,,,,,,-2.48,,,
422,n_propyl_propanoate,,,,,,,,,,,,,,,,,,,,,,,,,,,-2.44,,,
423,n_propylamine,,,,,,,,,,,,,,,,,,,,,,,,,,,-4.39,,,
424,n_propylbenzene,,,,,,,,,,,,,,,,,,,,,,,,,,,-0.53,,,
425,n_propylcyclopentane,,,,,,,,,,,,,,,,,,,,,,,,,,,2.13,,,
426,Na,-97.753,,-96.57,,,,,,,,,,-103.728,-104.54,-97.992,,,,-99.426,-93.212,-93.786,-98.26,-97.28,,,,-101.3,,-95.33,
427,naphthalene,-7.68,,,,,-7.9,,-7.04,,,-7.79,,-7.78,-7.67,-7.14,,,,-7.01,,,-6.89,-7.11,-7.89,,,-2.4,,-8.05,
428,nitrobenzene,,,,,,-7.78,,,-7.21,,,,,,,,,,-6.76,-7.94,,-6.64,,,,,-4.12,,-8.38,
429,nitroethane,,,,,,,,,,,,,,,,,,,,,,,,,,,-3.71,,,
430,nitromethane,-5.48,,-3.87,,,-4.61,,-2.76,-3.53,,,,-5.57,-5.64,-4.22,,,,-4.69,-4.9,-5.38,-4.69,-3.88,-5.22,,,-4.02,,,
431,NN_dimethyl_p_methylbenzamide,,,,,,,,,,,,,,,,,,,,,,,,,,,-11.01,,,
432,NN_dimethyl_p_nitrobenzamide,,,,,,,,,,,,,,,,,,,,,,,,,,,-9.76,,,
433,NN_dimethylaniline,,,,,,,,,,,,,,,,,,,,,,,,,,,-11.95,,,
434,NN_dimethylbenzamide,,,,,,,,,,,,,,,,,,,,,,,,,,,-3.45,,,
435,NN_dimethylformamide,,,,,,,,,,,,,,,,,,,,,,,,,,,-7.81,,,
436,non_1_ene,,,,,,,,,,,,,,,,,,,,,,,,,,,2.06,,,
437,nonan_1_ol,,,,,,,,,,,,,,,,,,,,,,,,,,,-3.88,,,
438,nonan_2_one,,,,,,,,,,,,,,,,,,,,,,,,,,,-2.49,,,
439,nonan_5_one,,,,,,,,,,,,,,,,,,,,,,,,,,,-2.64,,,
440,nonanal,,,,,,,,,,,,,,,,,,,,,,,,,,,-2.07,,,
441,o_cresol,-7.71,-7.44,,,,,,,,,,,,,,,,,,-8.16,,,,,,,-5.87,,,
442,o_toluidine,,,,,,,,,,,,,,,,,,,,,,,,,,,-5.53,,,
443,o_xylene,,,,,,,,,,,,,,,,,,,,,,,,,,,-0.9,,,
444,oct_1_ene,,,,,,,,,,,,,,,,,,,,,,,,,,,1.92,,,
445,oct_1_yne,,,,,,,,,,,,,,,,,,,,,,,,,,,0.71,,,
446,octan_1_ol,,,,,,,,,,,,,,,,,,,,,,,,,,,-4.09,,,
447,octan_2_one,,,,,,,,,,,,,,,,,,,,,,,,,,,-2.88,,,
448,octanal,,,,,,,,,,,,,,,,,,,,,,,,,,,-2.29,,,
449,p_cresol,-7.93,-7.34,,,,-7.58,,-5.65,,,,,-8.35,,,,,,-6.76,-8.13,,-8.82,,,,,-6.13,,-7.75,
450,p_dibromobenzene,,,,,,,,,,,,,,,,,,,,,,,,,,,-2.3,,,
451,p_toluidine,,,,,,-8.22,,-6.33,,,,,,,,,,,,,,-7.46,,,,,-5.57,,,
452,p_xylene,-5.23,,,-6.08,,,,,,,,,-5.5,,-5.08,,,,-5.08,,,-5.08,,,,,-0.8,,-5.95,
453,pent_1_ene,,,,,,,,,,,,,,,,,,,,,,,,,,,1.68,,,
454,pent_1_yne,,,,,,,,,,,,,,,,,,,,,,,,,,,0.01,,,
455,penta_14_diene,,,,,,,,,,,,,,,,,,,,,,,,,,,0.93,,,
456,pentachloroethane,,,,,,,,,,,,,,,,,,,,,,-5.78,,,,,-1.39,,,
457,pentan_1_ol,,-5.41,,,,-6.0,,-4.22,,,-6.2,,,,,,,,,,,-6.69,,,,,-4.57,,-5.55,
458,pentan_2_ol,,,,,,,,,,,,,,,,,,,,,,,,,,,-4.39,,,
459,pentan_2_one,,,,,,,,,,,,,,,,,,,,,,,,,,,-3.52,,,
460,pentan_3_ol,,,,,,,,,,,,,,,,,,,,,,,,,,,-4.35,,,
461,pentan_3_one,,,,,,,,,,,,,,,,,,,,,,,,,,,-3.41,,,
462,pentanal,,,,,,,,,,,,,,,,,,,,,,,,,,,-3.03,,,
463,pentanenitrile,,,,,,,,,,,,,,,,,,,,,,,,,,,-3.52,,,
464,pentanoic_acid,,-6.01,-8.01,,,-6.6,,-4.66,-7.21,,-7.85,,,,,,,,,-6.47,,-7.96,,,,,-6.16,,-6.47,
465,phenanthrene,-10.35,,-9.7,-11.08,,-10.77,,-10.33,-10.58,,-10.46,,-11.52,-10.89,-10.09,,,,-9.68,,,-10.04,-10.01,-11.07,,,-3.88,,,
466,phenol,-7.7,-7.1,-8.16,-8.91,,-7.05,,-5.35,-7.99,,-8.13,,,,,,,,-7.11,-7.86,,-8.61,,,,,-6.61,,-7.44,
467,phenyl_formate,,,,,,,,,,,,,,,,,,,,,,,,,,,-3.82,,,
468,phenyl_methyl_sulfide,,,,,,,,,,,,,,,,,,,,,,,,,,,-2.73,,,
469,phenyl_trifluoroethyl_ether,,,,,,,,,,,,,,,,,,,,,,,,,,,-1.29,,,
470,piperazine,,,,,,,,,,,,,,,,,,,,,,,,,,,-7.4,,,
471,piperidine,,-5.03,,,,-6.36,,,,,-4.82,,,,,,,,,,,-6.25,,,,,-5.11,,,
472,piperidine,,,,,,,,,,,,,,,,,,,,,,,,,,,-5.11,,,
473,prop_2_en_1_ol,,,,,,,,,,,,,,,,,,,,,,,,,,,-5.03,,,
474,propan_1_ol,-4.7,-3.9,-5.27,-4.54,,-4.44,,-2.82,-4.28,,-5.23,,-5.56,-5.75,-5.72,,,,-5.99,,,-5.19,-5.42,,,,-4.85,,-4.33,
475,propan_2_ol,,,,,,,,,,,,,,,,,,,,,,,,,,,-4.74,,,
476,propane,,,-1.38,,,,,-1.83,,,,,-0.87,,,,,,-1.14,,,-1.25,,-1.91,,,1.96,,,
477,propanenitrile,,,,,,,,,,,,,,,,,,,,,,,,,,,-3.84,,,
478,propanoic_acid,,-4.62,,-6.58,,-5.29,,-3.4,-5.87,,-6.64,,,,,,,,,-5.38,,-6.91,,,,,-6.46,,-5.11,
479,propanone,-4.28,-3.73,-3.5,,,-4.37,,-2.49,-2.98,,-3.51,,-4.02,-4.06,-3.77,,,,-3.94,,,-3.47,,-4.14,,,-3.8,,-4.21,
480,propene,,,,,,,,,,,,,,,,,,,,,,,,,,,1.32,,,
481,propionaldehyde,,,,,,,,,,,,,,,,,,,,,,,,,,,-3.43,,,
482,propyne,,,,,,,,,,,,,,,,,,,,,,,,,,,-0.48,,,
483,pyrene,-11.86,-12.91,-11.55,-12.41,,,,-11.16,-11.86,,-12.11,,-13.17,-12.66,-11.29,,,,-11.18,,,-11.16,-11.19,-12.69,,,-4.52,,-12.91,
484,pyridine,,-5.25,-5.51,-5.3,,-6.44,,-4.27,-4.96,,-4.8,,,,-5.7,,,,-5.15,,,-5.57,-5.44,,,,-4.69,,-5.67,
485,pyrrole,,,,,,,,,,,,,,,,,,,,,,,,,,,-4.78,,,
486,pyrrolidine,,,,,,,,,,,,,,,,,,,,,,,,,,,-5.48,,,
487,quinoline,,,,,,,,,,,,,,,,,,,,,,,,,,,-5.72,,,
488,Rb,-77.199,,-73.19,,,,,,,,,,-81.023,-81.118,-74.809,,,,-76.243,-74.092,-76.004,,-73.98,,,,-78.6,,-72.63,
489,sec_butylbenzene,,,,,,,,,,,,,,,,,,,,,,,,,,,-0.45,,,
490,styrene,,,,,,,,,,,,,,,,,,,,,,,,,,,-1.24,,,
491,teflurane,,,,,,,,,,,,,,,,,,,,,,,,,,,0.5,,,
492,tert_butylbenzene,,,,,,,,,,,,,,,,,,,,,,,,,,,-0.44,,,
493,tetrachloroethene,,,,,,,,,,,,,,,,,,,,,,,,,,,0.1,,,
494,tetrachloromethane,,,,,,-4.43,,,-4.16,,-4.39,,,,-3.75,,,,-3.64,,,-3.77,-3.75,,,,0.08,,,
495,tetrafluoromethane,,,,,,,,,,,,,,,,,,,0.95,,,1.51,1.04,,,,3.12,,,
496,tetrahydrofuran,,,,,,,,,,,,,,,,,,,,,,,,,,,-3.47,,,
497,tetrahydropyran,,,,,,,,,,,,,,,,,,,,,,,,,,,-3.12,,,
498,thiophene,,,,,,,,,,,,,,,,,,,,,,,,,,,-1.42,,,
499,thiophenol,,,,,,-7.6,,-3.12,,,,,,,,,,,,,,-5.99,,,,,-2.55,,,
500,toluene,-4.85,-5.32,-4.2,-5.49,,-5.53,,-4.96,-4.88,,-5.07,,-5.09,-4.64,-4.47,,,,-4.47,,-4.52,-4.6,-4.51,-5.08,,,-0.89,,-5.3,
501,trans_14_dimethylcyclohexane,,,,,,,,,,,,,,,,,,,,,,,,,,,2.11,,,
502,triacetyl_glycerol,,,,,,,,,,,,,,,,,,,,,,,,,,,-8.84,,,
503,tribromomethane,,,,,,,,,,,,,,,,,,,,,,,,,,,-2.13,,,
504,trichloroethene,,,,,,,,,,,,,,,,,,,,,,-3.74,,,,,-0.44,,,
505,trichloromethane,,,,,,-4.19,,,-5.32,,,,,,-4.17,,,,-4.23,,,-3.76,,,,,-1.08,,,
506,triethyl_phosphate,,,,,,,,,,,,,,,,,,,,,,,,,,,-7.54,,,
507,triethylamine,,,-5.05,,,-5.75,,,,,-4.44,,-3.76,,-4.87,,,,-5.42,,,-5.19,-4.96,,,,-3.22,,-4.87,
508,trimethoxy_methane,,,,,,,,,,,,,,,,,,,,,,,,,,,-4.42,,,
509,trimethoxymethylbenzene,,,,,,,,,,,,,,,,,,,,,,,,,,,-4.04,,,
510,trimethyl_phosphate,,,,,,,,,,,,,,,,,,,,,,,,,,,-8.7,,,
511,trimethylamine,,,-0.33,,,,,-0.6,,,,,-0.82,,0.44,,,,,,,,0.29,,,,-3.2,,,
512,undecan_2_one,,,,,,,,,,,,,,,,,,,,,,,,,,,-2.15,,,
513,Z_12_dichloroethene,,,,,,,,,,,,,,,,,,,,,,,,,,,-1.17,,,
514,Z_pent_2_ene,,,,,,,,,,,,,,,,,,,,,,,,,,,1.31,,,
